{"id":2812,"idSubCategory":476,"idUser":1,"meanEng":"formerly","meanVN":"tr\u01b0\u1edbc \u0111\u00e2y","kind":"(adverb)","audio":"formerly.mp3","phonetic":"\/\u02c8f\u0254\u02d0rm\u0259rli\/","image":"formerly.jpg","fullMean":"<h2 class=\"h2\">Th\u00f4ng d\u1ee5ng<\/h2><div class=\"d0\"> <div id=\"d2\"><h3 class=\"h3\">Ph\u00f3 t\u1eeb<\/h3> <div class=\"i5\"><h5 id=\"h5\">Tr\u01b0\u1edbc \u0111\u00e2y, thu\u1edf x\u01b0a<\/h5><\/div><\/div><\/div>","fullMeanEng":"<div class=\"d1\"><li class=\"sense\"><span class=\"sensetop\"><span class=\"def\">in the past<\/span><\/span><ul class=\"eg\"><li><span class=\"x\">Namibia, formerly known as South West Africa<\/span><\/li><li><span class=\"x\">I learnt that the house had formerly been an inn.<\/span><\/li><li><span class=\"x\">John Marsh, formerly of London Road, Leicester, now living in France<\/span><\/li><\/ul> <\/li><\/div>","meanDetailEng":"in the past","antonym":"currently,future,presently,subsequently","exampleEng1":"John Marsh, formerly of London Road, Leicester, now living in France","exampleVN1":"John Marsh, tr\u01b0\u1edbc \u0111\u00e2y l\u00e0 London Road, Leicester, hi\u1ec7n \u0111ang s\u1ed1ng \u1edf Ph\u00e1p","exampleEng2":"I learnt that the house had formerly been an inn.","exampleVN2":"T\u00f4i \u0111\u00e3 h\u1ecdc \u0111\u01b0\u1ee3c r\u1eb1ng ng\u00f4i nh\u00e0 tr\u01b0\u1edbc \u0111\u00e2y l\u00e0 m\u1ed9t nh\u00e0 tr\u1ecd.","slug":"formerly","type":2,"synonym":"aforetime,already,anciently,back,before","created_at":null,"updated_at":"2021-10-22T07:17:19.000000Z"}